Date,PKD_Code,PKO_SCORE_FINAL,PKO_SCORE,Revenue,Profit,Liquidity_Calc,Employment,Bankruptcy_Rate,WIBOR,Norm_Growth,Norm_Margin,Norm_Liquidity,Norm_Employ,Norm_Google,Norm_Total_Risk,Norm_Bankrupt
2020-12-01,31,54.43149273075001,52.91968599228796,153463.6975,7567.9575,0.0,0.0,0.004004757891465033,5.85,32.90281758572885,57.990327124762345,50,50,50,71.42857142857143,0.0
2021-01-01,31,53.566154090003906,52.64058847473218,155684.7,7471.540000000001,0.0,0.0,0.0041797283176593,5.85,32.90281758572885,56.839672145740984,50,50,50,71.42857142857143,0.7099951380171703
2021-02-01,31,52.12146867443529,52.17463434515977,156792.17,7454.451666666668,0.0,0.0,0.004849229329355624,5.85,32.90281758572885,56.4500130328494,50,50,50,71.42857142857143,3.426696888941663
2021-03-01,31,50.679325326179665,51.70950010810469,157899.64,7437.363333333334,0.0,0.0,0.00551873034105195,5.85,32.90281758572885,56.065819870073376,50,50,50,71.42857142857143,6.143398639866156
2021-04-01,31,49.239670929437,51.245168632137435,159007.11000000002,7420.275000000001,0.0,0.0,0.006188231352748275,5.85,32.90281758572885,55.68697844788279,50,50,50,71.42857142857143,8.860100390790649
2021-05-01,31,47.80245383795865,50.78162325980264,160114.58000000002,7403.186666666667,0.0,0.0,0.0068577323644445996,5.85,32.90281758572885,55.31337771657537,50,50,50,71.42857142857143,11.576802141715138
2021-06-01,31,46.36762382457424,50.318847791340005,161222.05000000002,7386.098333333333,0.0,0.0,0.007527233376140925,5.85,32.90281758572885,54.9449096777489,50,50,50,71.42857142857143,14.293503892639631
2021-07-01,31,44.93513203278418,49.8568264690714,162329.52000000002,7369.01,0.0,0.0,0.008196734387837249,5.85,32.90281758572885,54.581469280216034,50,50,50,71.42857142857143,17.010205643564117
2021-08-01,31,43.50493093032041,49.395543962422906,163436.99,7351.921666666667,0.0,0.0,0.008866235399533576,5.85,32.90281758572885,54.2229543201506,50,50,50,71.42857142857143,19.726907394488624
2021-09-01,31,42.07697426458283,48.93498535355164,164544.46,7334.833333333333,0.0,0.0,0.0095357364112299,5.85,32.90281758572885,53.8692653452666,50,50,50,71.42857142857143,22.44360914541311
2021-10-01,31,40.65121701986264,48.47513612354908,165651.93,7317.745,0.0,0.0,0.010205237422926224,5.85,32.90281758572885,53.52030556284071,50,50,50,71.42857142857143,25.160310896337595
2021-11-01,31,39.22761537627106,48.015982139194286,166759.4,7300.656666666667,0.0,0.0,0.010874738434622552,5.85,32.90281758572885,53.175980751399905,50,50,50,71.42857142857143,27.877012647262095
2021-12-01,31,41.67667491406782,48.80587687538222,167866.87,7283.568333333333,0.0,0.0,0.011544239446318875,5.85,41.225265820068124,52.83619917590464,50,50,50,71.42857142857143,30.59371439818658
2022-01-01,31,39.907070860206076,48.2351267953169,168974.34,7266.48,0.0,0.0,0.0122137404580152,5.85,40.472294706860865,52.50087150626768,50,50,50,71.42857142857143,33.31041614911108
2022-02-01,31,39.66167802647978,48.15598028839572,168308.08333333334,7322.287499999999,0.0,0.0,0.012190953628802483,5.85,39.415690670105455,52.9373677493972,50,50,50,71.42857142857143,33.21795173495977
2022-03-01,31,39.42479187320977,48.0795774396058,167641.82666666666,7378.094999999999,0.0,0.0,0.012168166799589767,5.85,38.37390816521148,53.37733351487377,50,50,50,71.42857142857143,33.125487320808475
2022-04-01,31,39.196287686272555,48.00587802492314,166975.57,7433.9025,0.0,0.0,0.012145379970377049,5.85,37.34663750033139,53.82081033438481,50,50,50,71.42857142857143,33.033022906657166
2022-05-01,31,38.97604504591503,47.93484320538623,166309.31333333332,7489.71,0.0,0.0,0.012122593141164333,5.85,36.33357755184247,54.26784040514306,50,50,50,71.42857142857143,32.94055849250586
2022-06-01,31,38.763947696115125,47.866435484960995,165643.05666666667,7545.5175,0.0,0.0,0.012099806311951617,5.85,35.334435470061635,54.71846660327105,50,50,50,71.42857142857143,32.84809407835456
2022-07-01,31,38.55988341969571,47.800618670261294,164976.8,7601.325,0.0,0.0,0.012077019482738899,5.85,34.348926397006636,55.172732497509976,50,50,50,71.42857142857143,32.755629664203255
2022-08-01,31,38.363743918929956,47.73735783204061,164310.54333333333,7657.1325,0.0,0.0,0.012054232653526183,5.85,33.37677319563207,55.63068236326205,50,50,50,71.42857142857143,32.66316525005196
2022-09-01,31,38.17542470139226,47.676619268375525,163644.28666666668,7712.94,0.0,0.0,0.012031445824313466,5.85,32.41770618999966,56.092361196975936,50,50,50,71.42857142857143,32.57070083590065
2022-10-01,31,37.99482497081969,47.618370469465326,162978.03,7768.7474999999995,0.0,0.0,0.01200865899510075,5.85,31.471462915871353,56.55781473088495,50,50,50,71.42857142857143,32.47823642174936
2022-11-01,31,37.82184752276463,47.56258008397685,162311.77333333335,7824.555,0.0,0.0,0.011985872165888034,5.85,30.53778788124018,57.0270894481083,50,50,50,71.42857142857143,32.38577200759805
2022-12-01,31,37.65639864482945,47.50921788686719,161645.51666666666,7880.3625,0.0,0.0,0.011963085336675316,5.85,29.616432336340385,57.50023259812577,50,50,50,71.42857142857143,32.293307593446755
2023-01-01,31,37.49838802128632,47.458254748620746,160979.26,7936.17,0.0,0.0,0.0119402985074626,5.85,28.70715405270182,57.9772922126367,50,50,50,71.42857142857143,32.20084317929545
2023-02-01,31,37.48452761183019,47.453784353229445,160415.73750000002,7784.011666666667,0.0,0.0,0.011790684259860034,5.85,28.74467161447033,57.30286719906445,50,50,50,71.42857142857143,31.59373836343371
2023-03-01,31,37.46859443970483,47.44864543006389,159852.215,7631.8533333333335,0.0,0.0,0.011641070012257466,5.85,28.78248738732545,56.623687122577245,50,50,50,71.42857142857143,30.986633547571973
2023-04-01,31,37.45056669443427,47.44283094459517,159288.6925,7479.695,0.0,0.0,0.0114914557646549,5.85,28.820604940983223,55.93970151659957,50,50,50,71.42857142857143,30.37952873171024
2023-05-01,31,37.43042225883438,47.43633376337182,158725.17,7327.536666666667,0.0,0.0,0.011341841517052333,5.85,28.859027902362726,55.25085919786936,50,50,50,71.42857142857143,29.772423915848503
2023-06-01,31,37.408138703609964,47.42914665227727,158161.6475,7175.378333333334,0.0,0.0,0.011192227269449767,5.85,28.897759956736337,54.557108253670314,50,50,50,71.42857142857143,29.16531909998677
2023-07-01,31,37.383693281837495,47.42126227475032,157598.125,7023.22,0.0,0.0,0.0110426130218472,5.85,28.936804848908263,53.85839602879037,50,50,50,71.42857142857143,28.55821428412504
2023-08-01,31,37.35706292333067,47.4126731899679,157034.6025,6871.0616666666665,0.0,0.0,0.010892998774244633,5.85,28.97616638442127,53.15466911219948,50,50,50,71.42857142857143,27.951109468263294
2023-09-01,31,37.32822422888559,47.40337185098894,156471.08,6718.903333333334,0.0,0.0,0.010743384526642067,5.85,29.015848430793273,52.445873323439315,50,50,50,71.42857142857143,27.344004652401562
2023-10-01,31,37.29715346440294,47.39335060285862,155907.5575,6566.745000000001,0.0,0.0,0.0105937702790395,5.85,29.055854918784114,51.73195369871793,50,50,50,71.42857142857143,26.73689983653983
2023-11-01,31,37.26382655488386,47.382601680671854,155344.035,6414.586666666667,0.0,0.0,0.010444156031436932,5.85,29.09618984369343,51.012854476701776,50,50,50,71.42857142857143,26.129795020678085
2023-12-01,31,37.228219078296476,47.371117207595056,154780.51249999998,6262.428333333333,0.0,0.0,0.010294541783834366,5.85,29.136857266690843,50.2885190839973,50,50,50,71.42857142857143,25.522690204816353
2024-01-01,31,37.19030625930962,47.358889192845076,154216.99,6110.27,0.0,0.0,0.0101449275362318,5.85,29.177861316178998,49.55889012031423,50,50,50,71.42857142857143,24.91558538895462
2020-12-01,35,85.22371975120281,62.85109748457069,885241.4875,46486.48333333334,0.0,0.0,0.005976592135942691,5.85,32.90281758572885,60.772476249087106,50,50,50,0.0,8.001310604344724
2021-01-01,35,86.15054573142943,63.15002650276917,904791.42,49583.94,0.0,0.0,0.0059760956175298,5.85,32.90281758572885,62.76332159758986,50,50,50,0.0,7.999295831524215
2021-02-01,35,85.34507340864282,62.89023765807388,941408.2533333334,49333.690833333334,0.0,0.0,0.005889001521854649,5.85,32.90281758572885,60.67798547387304,50,50,50,0.0,7.6458853391093236
2021-03-01,35,84.6122214183791,62.65387103628283,978025.0866666667,49083.441666666666,0.0,0.0,0.0058019074261795,5.85,32.90281758572885,58.74879750285109,50,50,50,0.0,7.292474846694436
2021-04-01,35,83.94412749940041,62.438390823680415,1014641.92,48833.192500000005,0.0,0.0,0.00571481333050435,5.85,32.90281758572885,56.958852259753456,50,50,50,0.0,6.9390643542795445
2021-05-01,35,83.33402480530755,62.24161451050366,1051258.7533333334,48582.943333333336,0.0,0.0,0.0056277192348292,5.85,32.90281758572885,55.29359967949355,50,50,50,0.0,6.585653861864657
2021-06-01,35,82.77605755155368,62.061653431606445,1087875.5866666667,48332.69416666667,0.0,0.0,0.00554062513915405,5.85,32.90281758572885,53.74044866109719,50,50,50,0.0,6.232243369449765
2021-07-01,35,82.26513268096282,61.89686492416563,1124492.42,48082.445,0.0,0.0,0.0054535310434789,5.85,32.90281758572885,52.28844811907686,50,50,50,0.0,5.878832877034878
2021-08-01,35,81.79679959657624,61.745813537937416,1161109.2533333334,47832.19583333333,0.0,0.0,0.00536643694780375,5.85,32.90281758572885,50.92802838514057,50,50,50,0.0,5.525422384619986
2021-09-01,35,81.3671519553139,61.607239360784504,1197726.0866666667,47581.94666666666,0.0,0.0,0.0052793428521286,5.85,32.90281758572885,49.65079004503961,50,50,50,0.0,5.172011892205095
2021-10-01,35,80.97274694140633,61.48003198195043,1234342.92,47331.697499999995,0.0,0.0,0.00519224875645345,5.85,32.90281758572885,48.44933036039756,50,50,50,0.0,4.818601399790207
2021-11-01,35,80.61053849440505,61.3632089561017,1270959.7533333332,47081.448333333334,0.0,0.0,0.0051051546607783,5.85,32.90281758572885,47.31709969565781,50,50,50,0.0,4.465190907375316
2021-12-01,35,99.95285149303525,67.60168171983949,1307576.5866666664,46831.199166666665,0.0,0.0,0.0050180605651031504,5.85,75.20804314549761,46.24828206839274,50,50,50,0.0,4.111780414960428
2022-01-01,35,100.00000000000001,67.61688851938675,1344193.42,46580.95,0.0,0.0,0.004930966469428,5.85,75.9665981621176,45.23769522300621,50,50,50,0.0,3.758369922545537
2022-02-01,35,95.96854542580822,66.31662419416759,1362104.1916666667,40444.53916666666,0.0,0.0,0.005156792488729883,5.85,72.52960963306822,40.92261192243927,50,50,50,0.0,4.674726927723608
2022-03-01,35,92.10887351206601,65.07176489980348,1380014.9633333334,34308.128333333334,0.0,0.0,0.005382618508031766,5.85,69.34997981158679,36.7195367866714,50,50,50,0.0,5.591083932901682
2022-04-01,35,88.40602364590272,63.877485392491934,1397925.7349999999,28171.7175,0.0,0.0,0.00560844452733365,5.85,66.39984568299938,32.62416453835996,50,50,50,0.0,6.507440938079753
2022-05-01,35,84.8469419616906,62.729575411278844,1415836.5066666666,22035.306666666667,0.0,0.0,0.005834270546635534,5.85,63.65522626590419,28.63240775254596,50,50,50,0.0,7.423797943257831
2022-06-01,35,81.42017116755413,61.62433963785783,1433747.2783333333,15898.895833333336,0.0,0.0,0.006060096565937417,5.85,61.09536928486503,24.740383249289717,50,50,50,0.0,8.340154948435902
2022-07-01,35,78.11560020498597,60.55851695433078,1451658.0499999998,9762.485,0.0,0.0,0.0062859225852393,5.85,58.70222548884114,20.944399493644656,50,50,50,0.0,9.256511953613977
2022-08-01,35,74.92426059670895,59.529214759320084,1469568.8216666665,3626.0741666666727,0.0,0.0,0.006511748604541183,5.85,56.460022437230656,17.240944917028628,50,50,50,0.0,10.172868958792048
2022-09-01,35,71.83815954691165,58.533855137817405,1487479.5933333333,-2510.3366666666625,0.0,0.0,0.006737574623843066,5.85,54.354916467088636,13.62667708233084,50,50,50,0.0,11.089225963970119
2022-10-01,35,68.85014221083624,57.5701304390183,1505390.365,-8646.747499999998,0.0,0.0,0.00696340064314495,5.85,52.37470660678567,10.098412622484533,50,50,50,0.0,12.005582969148197
2022-11-01,35,65.95377729399605,56.63596637865837,1523301.1366666667,-14783.158333333326,0.0,0.0,0.0071892266624468334,5.85,50.50859794320365,6.653117888845101,50,50,50,0.0,12.921939974326268
2022-12-01,35,63.14326144568635,55.72949120306922,1541211.9083333332,-20919.569166666653,0.0,0.0,0.007415052681748717,5.85,48.74700474833378,3.2879002516320934,50,50,50,0.0,13.838296979504342
2023-01-01,35,60.41333889643424,54.849009769859606,1559122.68,-27055.980000000003,0.0,0.0,0.0076408787010506,5.85,47.08138578374648,0.0,50,50,50,0.0,14.754653984682413
2023-02-01,35,59.60313578845016,54.58769510585782,1531124.3341666665,-23074.048333333336,0.0,0.0,0.007777175296618583,5.85,43.90621331431615,1.9861391459999247,50,50,50,0.0,15.307718421263935
2023-03-01,35,58.86567465579263,54.34984189819207,1503125.9883333333,-19092.11666666667,0.0,0.0,0.007913471892186566,5.85,40.81345993542219,4.04626891037042,50,50,50,0.0,15.86078285784546
2023-04-01,35,58.20144156167696,54.135606916744536,1475127.6425,-15110.185000000001,0.0,0.0,0.00804976848775455,5.85,37.79995769012397,6.184602382599897,50,50,50,0.0,16.41384729442699
2023-05-01,35,57.61114875942114,53.94521988445092,1447129.2966666666,-11128.253333333334,0.0,0.0,0.008186065083322534,5.85,34.862698924038696,8.405678703309292,50,50,50,0.0,16.966911731008512
2023-06-01,35,57.09574499426104,53.778986799943034,1419130.9508333332,-7146.321666666667,0.0,0.0,0.008322361678890517,5.85,31.99882627261993,10.714395227923667,50,50,50,0.0,17.519976167590034
2023-07-01,35,56.656427956242126,53.63729395397777,1391132.605,-3164.3899999999994,0.0,0.0,0.0084586582744585,5.85,29.205623389666254,13.11604357435712,50,50,50,0.0,18.073040604171556
2023-08-01,35,56.294659114492205,53.5206127139324,1363134.2591666668,817.5416666666679,0.0,0.0,0.008594954870026483,5.85,26.48050635382317,15.616350113145895,50,50,50,0.0,18.626105040753078
2023-09-01,35,56.01218120958028,53.42950516561201,1335135.9133333333,4799.473333333335,0.0,0.0,0.008731251465594466,5.85,23.82101569593199,18.221521552149326,50,50,50,0.0,19.1791694773346
2023-10-01,35,55.811038735168054,53.36463071919289,1307137.5675,8781.405000000006,0.0,0.0,0.00886754806116245,5.85,21.22480899551867,20.938296379683386,50,50,50,0.0,19.732233913916122
2023-11-01,35,55.693601804628614,53.32675380691879,1279139.2216666667,12763.33666666667,0.0,0.0,0.009003844656730434,5.85,18.689653999579676,23.77400306370994,50,50,50,0.0,20.28529835049765
2023-12-01,35,55.662593875069135,53.31675282492505,1251140.8758333335,16745.268333333333,0.0,0.0,0.009140141252298417,5.85,16.213422221176657,26.736626065402785,50,50,50,0.0,20.838362787079173
2024-01-01,35,55.721123893143314,53.33563050122171,1223142.53,20727.2,0.0,0.0,0.0092764378478664,5.85,13.794082979256654,29.834880919215408,50,50,50,0.0,21.391427223660695
2020-12-01,41,40.13951746631763,48.31009775775314,171064.55166666667,12083.550833333335,0.0,0.0,0.01966939910211584,5.85,32.90281758572885,76.53801848054104,50,50,50,57.142857142857146,63.56399387172516
2021-01-01,41,39.47599182335274,48.09609095039917,172951.05,12324.61,0.0,0.0,0.0201546107123136,5.85,32.90281758572885,77.08019849883695,50,50,50,57.142857142857146,65.53288593904746
2021-02-01,41,39.32601224121085,48.047718062504366,177119.43583333332,12892.396666666667,0.0,0.0,0.020561758796465168,5.85,32.90281758572885,78.40983840724613,50,50,50,57.142857142857146,67.18501176675542
2021-03-01,41,39.14759559865958,47.99017337458454,181287.82166666666,13460.183333333334,0.0,0.0,0.020968906880616735,5.85,32.90281758572885,79.67833298215531,50,50,50,57.142857142857146,68.8371375944634
2021-04-01,41,38.942659382981006,47.924075333471016,185456.2075,14027.970000000001,0.0,0.0,0.0213760549647683,5.85,32.90281758572885,80.88980520243976,50,50,50,57.142857142857146,70.48926342217135
2021-05-01,41,38.712952478288585,47.849988006445145,189624.59333333332,14595.756666666668,0.0,0.0,0.021783203048919866,5.85,32.90281758572885,82.04801551664188,50,50,50,57.142857142857146,72.14138924987932
2021-06-01,41,38.46007329835773,47.76842692961702,193792.97916666666,15163.543333333335,0.0,0.0,0.022190351133071433,5.85,32.90281758572885,83.15640083216242,50,50,50,57.142857142857146,73.7935150775873
2021-07-01,41,38.18548562856655,47.67986421742371,197961.365,15731.330000000002,0.0,0.0,0.022597499217223,5.85,32.90281758572885,84.2181085785816,50,50,50,57.142857142857146,75.44564090529526
2021-08-01,41,37.89053250764955,47.58473303990888,202129.75083333332,16299.116666666669,0.0,0.0,0.023004647301374567,5.85,32.90281758572885,85.23602655619074,50,50,50,57.142857142857146,77.09776673300324
2021-09-01,41,37.576448426514006,47.483431557204796,206298.13666666666,16866.903333333335,0.0,0.0,0.023411795385526134,5.85,32.90281758572885,86.21280916587148,50,50,50,57.142857142857146,78.7498925607112
2021-10-01,41,37.24437007743673,47.37632638646889,210466.5225,17434.690000000002,0.0,0.0,0.0238189434696777,5.85,32.90281758572885,87.15090052200676,50,50,50,57.142857142857146,80.40201838841918
2021-11-01,41,36.89534585071202,47.26375566483591,214634.90833333333,18002.47666666667,0.0,0.0,0.024226091553829265,5.85,32.90281758572885,88.05255487216152,50,50,50,57.142857142857146,82.05414421612714
2021-12-01,41,48.039167808664004,50.857970574580676,218803.29416666666,18570.263333333336,0.0,0.0,0.024633239637980833,5.85,57.649076334538684,88.91985468269142,50,50,50,57.142857142857146,83.7062700438351
2022-01-01,41,48.077665482472995,50.87038722245219,222971.68,19138.050000000003,0.0,0.0,0.0250403877221324,5.85,58.54910780169193,89.75472669572287,50,50,50,57.142857142857146,85.35839587154308
2022-02-01,41,45.9919225581517,50.19767292884839,223494.31833333333,18968.155000000002,0.0,0.0,0.025341076132675416,5.85,56.12030400773753,88.91890220969003,50,50,50,57.142857142857146,86.57852954891449
2022-03-01,41,43.959938344288034,49.54229742254615,224016.95666666667,18798.260000000002,0.0,0.0,0.025641764543218433,5.85,53.8031921215306,88.0869777312534,50,50,50,57.142857142857146,87.7986632262859
2022-04-01,41,41.97819757281535,48.90312692476253,224539.595,18628.365,0.0,0.0,0.02594245295376145,5.85,51.59024085082328,87.25892602744139,50,50,50,57.142857142857146,89.0187969036573
2022-05-01,41,40.04349307445334,48.27912702776121,225062.23333333334,18458.47,0.0,0.0,0.026243141364304466,5.85,49.474581124050445,86.43472011824346,50,50,50,57.142857142857146,90.23893058102871
2022-06-01,41,38.15289265477675,47.669352011396896,225584.87166666667,18288.575,0.0,0.0,0.026543829774847483,5.85,47.44993487022339,85.61433327367983,50,50,50,57.142857142857146,91.45906425840012
2022-07-01,41,36.30371015498859,47.07293550935156,226107.51,18118.68,0.0,0.0,0.0268445181853905,5.85,45.510552796727325,84.79773901091174,50,50,50,57.142857142857146,92.67919793577153
2022-08-01,41,34.49348009330994,46.48908233022653,226630.14833333332,17948.785,0.0,0.0,0.027145206595933516,5.85,43.651159866118455,83.98491109139184,50,50,50,57.142857142857146,93.89933161314295
2022-09-01,41,32.71993538054964,45.91706127014908,227152.78666666665,17778.89,0.0,0.0,0.027445895006476533,5.85,41.866907382978326,83.17582351805369,50,50,50,57.142857142857146,95.11946529051436
2022-10-01,41,30.980987683656437,45.356198779432425,227675.425,17608.995,0.0,0.0,0.02774658341701955,5.85,40.153330774418784,82.3704505325403,50,50,50,57.142857142857146,96.33959896788576
2022-11-01,41,29.274710077274264,44.80587336718495,228198.06333333332,17439.1,0.0,0.0,0.028047271827562566,5.85,38.50631229021019,81.56876661247044,50,50,50,57.142857142857146,97.55973264525717
2022-12-01,41,27.599321678183784,44.26551064545935,228720.70166666666,17269.204999999998,0.0,0.0,0.028347960238105582,5.85,36.92204796647215,80.77074646874257,50,50,50,57.142857142857146,98.77986632262858
2023-01-01,41,25.953174003146543,43.734578929250574,229243.34,17099.309999999998,0.0,0.0,0.0286486486486486,5.85,35.39701829498527,79.97636504287567,50,50,50,57.142857142857146,99.99999999999999
2023-02-01,41,25.582715764219202,43.61509509948243,228816.74083333334,16831.464999999997,0.0,0.0,0.028529584023770024,5.85,35.0145625031238,79.07912143774271,50,50,50,57.142857142857146,99.51685946812651
2023-03-01,41,25.211528627058257,43.49537617829693,228390.14166666666,16563.62,0.0,0.0,0.02841051939889145,5.85,34.63389127311518,78.17852599464118,50,50,50,57.142857142857146,99.03371893625304
2023-04-01,41,24.839598044820136,43.3754174739032,227963.54249999998,16295.774999999998,0.0,0.0,0.028291454774012875,5.85,34.254992143721594,77.27455989620309,50,50,50,57.142857142857146,98.55057840437956
2023-05-01,41,24.466909458862474,43.25521429070491,227536.94333333333,16027.929999999998,0.0,0.0,0.0281723901491343,5.85,33.8778527694549,76.36720418394108,50,50,50,57.142857142857146,98.06743787250609
2023-06-01,41,24.093448297504054,43.13476192890034,227110.34416666668,15760.085,0.0,0.0,0.028053325524255726,5.85,33.50246091923577,75.45643975692289,50,50,50,57.142857142857146,97.58429734063262
2023-07-01,41,23.719199974786548,43.014055684082926,226683.745,15492.239999999998,0.0,0.0,0.02793426089937715,5.85,33.128804475071426,74.54224737043106,50,50,50,57.142857142857146,97.10115680875914
2023-08-01,41,23.344149889237812,42.89309084684246,226257.1458333333,15224.394999999999,0.0,0.0,0.027815196274498574,5.85,32.756871430751765,73.62460763460746,50,50,50,57.142857142857146,96.61801627688565
2023-09-01,41,22.968283422635906,42.77186270236644,225830.54666666666,14956.55,0.0,0.0,0.02769613164962,5.85,32.386649890563284,72.7035010130823,50,50,50,57.142857142857146,96.13487574501218
2023-10-01,41,22.591585938774827,42.65036653004195,225403.9475,14688.705,0.0,0.0,0.027577067024741424,5.85,32.01812806802092,71.77890782158791,50,50,50,57.142857142857146,95.6517352131387
2023-11-01,41,22.214042782230493,42.52859760305766,224977.34833333333,14420.86,0.0,0.0,0.02745800239986285,5.85,31.651294284617133,70.85080822655627,50,50,50,57.142857142857146,95.16859468126523
2023-12-01,41,21.835639277127385,42.40655118800607,224550.74916666665,14153.015,0.0,0.0,0.027338937774984275,5.85,31.28613696858838,69.919182243701,50,50,50,57.142857142857146,94.68545414939176
2024-01-01,41,21.456360725905782,42.28422254448586,224124.15,13885.17,0.0,0.0,0.0272198731501057,5.85,30.922644653698203,68.9840097365829,50,50,50,57.142857142857146,94.20231361751829
2020-12-01,46,48.27261553758002,50.93326442897659,2563681.2666666666,99806.7375,0.0,0.0,0.005042508570337058,5.85,32.90281758572885,48.95850225321099,50,50,50,71.42857142857143,4.210985550524427
2021-01-01,46,48.42869312520237,50.98360410549205,2600364.1,102849.19,0.0,0.0,0.0050928845127807,5.85,32.90281758572885,49.49851563695302,50,50,50,71.42857142857143,4.41540109083012
2021-02-01,46,48.04934801299204,50.86125399406801,2654823.2283333335,103697.66500000001,0.0,0.0,0.005188485790182091,5.85,32.90281758572885,49.070779168816664,50,50,50,71.42857142857143,4.80333203218736
2021-03-01,46,47.67800021342099,50.74148325446401,2709282.356666667,104546.14,0.0,0.0,0.005284087067583483,5.85,32.90281758572885,48.66023851281391,50,50,50,71.42857142857143,5.191262973544596
2021-04-01,46,47.31417696880435,50.624139408228224,2763741.4850000003,105394.615,0.0,0.0,0.0053796883449848745,5.85,32.90281758572885,48.265877145932556,50,50,50,71.42857142857143,5.579193914901833
2021-05-01,46,46.957442063882596,50.50908176293076,2818200.6133333333,106243.09,0.0,0.0,0.005475289622386266,5.85,32.90281758572885,47.88675711864009,50,50,50,71.42857142857143,5.967124856259073
2021-06-01,46,46.6073923620133,50.39618029498219,2872659.7416666667,107091.565,0.0,0.0,0.005570890899787658,5.85,32.90281758572885,47.52201160700681,50,50,50,71.42857142857143,6.355055797616309
2021-07-01,46,46.263654728027845,50.285314657163084,2927118.87,107940.04000000001,0.0,0.0,0.00566649217718905,5.85,32.90281758572885,47.170838296236724,50,50,50,71.42857142857143,6.742986738973553
2021-08-01,46,45.925883288316655,50.1763732949198,2981577.9983333335,108788.515,0.0,0.0,0.005762093454590441,5.85,32.90281758572885,46.83249348930532,50,50,50,71.42857142857143,7.130917680330786
2021-09-01,46,45.59375698579821,50.069252657769056,3036037.126666667,109636.99,0.0,0.0,0.0058576947319918336,5.85,32.90281758572885,46.50628684965767,50,50,50,71.42857142857143,7.518848621688029
2021-10-01,46,45.26697739339927,49.963856494080126,3090496.255,110485.465,0.0,0.0,0.005953296009393225,5.85,32.90281758572885,46.19157669975533,50,50,50,71.42857142857143,7.906779563045266
2021-11-01,46,44.94526675470949,49.860095219127494,3144955.3833333333,111333.94,0.0,0.0,0.006048897286794617,5.85,32.90281758572885,45.88776580809504,50,50,50,71.42857142857143,8.294710504402506
2021-12-01,46,54.85495690775643,53.056265817816595,3199414.5116666667,112182.41500000001,0.0,0.0,0.0061444985641960085,5.85,54.89202071994446,45.594297606497356,50,50,50,71.42857142857143,8.682641445759742
2022-01-01,46,54.68028120062043,52.99992769312945,3253873.64,113030.89,0.0,0.0,0.0062400998415974,5.85,55.18800898262868,45.310652787256075,50,50,50,71.42857142857143,9.070572387116982
2022-02-01,46,52.927995940507614,52.434763440524954,3235451.9475000002,111045.48583333334,0.0,0.0,0.006366911847398617,5.85,52.296554617993564,44.948923328356926,50,50,50,71.42857142857143,9.585150247612699
2022-03-01,46,51.22784500795861,51.88641406329683,3217030.255,109060.08166666667,0.0,0.0,0.0064937238531998336,5.85,49.521342168067804,44.58305112392428,50,50,50,71.42857142857143,10.099728108108415
2022-04-01,46,49.57659932094073,51.35383808619264,3198608.5625,107074.67749999999,0.0,0.0,0.00662053585900105,5.85,46.85550004223573,44.21296459622408,50,50,50,71.42857142857143,10.614305968604128
2022-05-01,46,47.97127604912133,50.836073457476886,3180186.87,105089.27333333333,0.0,0.0,0.006747347864802267,5.85,44.29268779849242,43.83859050902478,50,50,50,71.42857142857143,11.128883829099845
2022-06-01,46,46.40911517641037,50.332229989652,3161765.1775,103103.86916666667,0.0,0.0,0.006874159870603483,5.85,41.827045796564974,43.45985391928202,50,50,50,71.42857142857143,11.643461689595558
2022-07-01,46,44.88755867653107,49.8414826429589,3143343.4850000003,101118.465,0.0,0.0,0.0070009718764047005,5.85,39.45315047126433,43.07667812712435,50,50,50,71.42857142857143,12.158039550091278
2022-08-01,46,43.404231967393756,49.36306554385946,3124921.7925,99133.06083333332,0.0,0.0,0.007127783882205916,5.85,37.16597450748478,42.68898462407004,50,50,50,71.42857142857143,12.67261741058699
2022-09-01,46,41.95692735800161,48.896266646170005,3106500.1,97147.65666666666,0.0,0.0,0.007254595888007133,5.85,34.96085130138621,42.29669303940129,50,50,50,71.42857142857143,13.187195271082707
2022-10-01,46,40.54358924196727,48.44042295552882,3088078.4075,95162.2525,0.0,0.0,0.00738140789380835,5.85,32.83344317905612,41.89972108461918,50,50,50,71.42857142857143,13.701773131578424
2022-11-01,46,39.162300825780264,47.994916248866616,3069656.715,93176.84833333333,0.0,0.0,0.0075082198996095665,5.85,30.779712917191265,41.497984495898436,50,50,50,71.42857142857143,14.21635099207414
2022-12-01,46,37.811272208807836,47.55916922985138,3051235.0225,91191.44416666665,0.0,0.0,0.007635031905410783,5.85,28.79589817235937,41.091396974457766,50,50,50,71.42857142857143,14.730928852569853
2023-01-01,46,36.48882965650934,47.13264206918004,3032813.33,89206.04,0.0,0.0,0.007761843911212,5.85,26.878488478080303,40.679870124756945,50,50,50,71.42857142857143,15.24550671306557
2023-02-01,46,36.6150668482578,47.173357328133264,3030340.43,88495.62999999999,0.0,0.0,0.0077491115226408,5.85,27.281298470133255,40.49682969567067,50,50,50,71.42857142857143,15.193841216344083
2023-03-01,46,36.743310478476175,47.21471972332854,3027867.5300000003,87785.22,0.0,0.0,0.0077363791340696,5.85,27.688721686944042,40.31349028344027,50,50,50,71.42857142857143,15.142175719622593
2023-04-01,46,36.87359727560714,47.256741100783955,3025394.63,87074.81,0.0,0.0,0.0077236467454984,5.85,28.100837835115925,40.12985115491631,50,50,50,71.42857142857143,15.090510222901102
2023-05-01,46,37.00596482589741,47.29943358318495,3022921.73,86364.4,0.0,0.0,0.0077109143569272,5.85,28.517728468100348,39.94591157455041,50,50,50,71.42857142857143,15.038844726179615
2023-06-01,46,37.14045159841517,47.34280957795323,3020448.83,85653.98999999999,0.0,0.0,0.007698181968356,5.85,28.93947703999917,39.76167080438531,50,50,50,71.42857142857143,14.987179229458125
2023-07-01,46,37.277096970947284,47.38688178559938,3017975.9299999997,84943.57999999999,0.0,0.0,0.0076854495797848005,5.85,29.36616896125886,39.57712810404509,50,50,50,71.42857142857143,14.935513732736638
2023-08-01,46,37.415941256812815,47.431663208371006,3015503.03,84233.17,0.0,0.0,0.0076727171912136,5.85,29.797891656334784,39.39228273072518,50,50,50,71.42857142857143,14.883848236015151
2023-09-01,46,37.557025732630606,47.47716715920862,3013030.13,83522.76,0.0,0.0,0.0076599848026424,5.85,30.2347346234068,39.20713393918244,50,50,50,71.42857142857143,14.83218273929366
2023-10-01,46,37.70039266708086,47.52340727102213,3010557.23,82812.34999999999,0.0,0.0,0.0076472524140712,5.85,30.676789496232658,39.021680981725126,50,50,50,71.42857142857143,14.78051724257217
2023-11-01,46,37.84608535070261,47.57039750630136,3008084.33,82101.94,0.0,0.0,0.0076345200255,5.85,31.124150108228328,38.83592310820286,50,50,50,71.42857142857143,14.728851745850683
2023-12-01,46,37.99414812677064,47.618152167074825,3005611.4299999997,81391.53,0.0,0.0,0.0076217876369288,5.85,31.576912558869665,38.64985956599645,50,50,50,71.42857142857143,14.677186249129193
2024-01-01,46,38.144626423297794,47.66668590523142,3003138.53,80681.12,0.0,0.0,0.0076090552483576,5.85,32.035175282514146,38.46348960000776,50,50,50,71.42857142857143,14.625520752407702
2020-12-01,47,44.62310138051929,49.756187278414956,1050053.585,43258.450000000004,0.0,0.0,0.007461976440304125,5.85,32.90281758572885,50.92903994415702,50,50,50,71.42857142857143,14.02870424521473
2021-01-01,47,44.95227891224626,49.86235684904793,1060308.57,44657.73,0.0,0.0,0.0074850299401197,5.85,32.90281758572885,51.73038359205111,50,50,50,71.42857142857143,14.122250755555655
2021-02-01,47,44.26240128345107,49.63985074040127,1080507.2308333335,44304.83583333334,0.0,0.0,0.007611804674981942,5.85,32.90281758572885,50.761436156855886,50,50,50,71.42857142857143,14.636677378004823
2021-03-01,47,43.58906241222904,49.4226788742867,1100705.8916666666,43951.941666666666,0.0,0.0,0.0077385794098441835,5.85,32.90281758572885,49.82805033854127,50,50,50,71.42857142857143,15.151104000453987
2021-04-01,47,42.931368215081065,49.21055288211262,1120904.5525,43599.0475,0.0,0.0,0.007865354144706425,5.85,32.90281758572885,48.9283036798299,50,50,50,71.42857142857143,15.665530622903155
2021-05-01,47,42.28848791317368,49.00320481292996,1141103.2133333334,43246.153333333335,0.0,0.0,0.007992128879568667,5.85,32.90281758572885,48.06040984106134,50,50,50,71.42857142857143,16.179957245352323
2021-06-01,47,41.6596485270115,48.80038535779984,1161301.8741666668,42893.25916666667,0.0,0.0,0.00811890361443091,5.85,32.90281758572885,47.22270676264303,50,50,50,71.42857142857143,16.694383867801488
2021-07-01,47,41.0441299358162,48.601862256296,1181500.5350000001,42540.365000000005,0.0,0.0,0.00824567834929315,5.85,32.90281758572885,46.41364604173327,50,50,50,71.42857142857143,17.208810490250652
2021-08-01,47,40.44126043517004,48.40741886371231,1201699.1958333333,42187.47083333333,0.0,0.0,0.008372453084155391,5.85,32.90281758572885,45.631783380291125,50,50,50,71.42857142857143,17.723237112699817
2021-09-01,47,39.850412735266886,48.21685286037941,1221897.8566666667,41834.57666666667,0.0,0.0,0.008499227819017633,5.85,32.90281758572885,44.875769980520985,50,50,50,71.42857142857143,18.23766373514898
2021-10-01,47,39.27100034961627,48.02997508691407,1242096.5175,41481.6825,0.0,0.0,0.008626002553879875,5.85,32.90281758572885,44.144344779867836,50,50,50,71.42857142857143,18.752090357598153
2021-11-01,47,38.70247433046468,47.8466084912952,1262295.1783333332,41128.78833333333,0.0,0.0,0.008752777288742117,5.85,32.90281758572885,43.436327431524575,50,50,50,71.42857142857143,19.266516980047317
2021-12-01,47,47.273249963520826,50.610939228509245,1282493.8391666666,40775.894166666665,0.0,0.0,0.008879552023604359,5.85,52.531831272868565,42.75061194826098,50,50,50,71.42857142857143,19.78094360249648
2022-01-01,47,47.02344709559391,50.530370354043406,1302692.5,40423.0,0.0,0.0,0.0090063267584666,5.85,53.17358307622693,42.08616093757952,50,50,50,71.42857142857143,20.295370224945653
2022-02-01,47,44.11909508900116,49.59363021904925,1262411.9716666667,39681.77583333333,0.0,0.0,0.009315147509097475,5.85,47.8312751694345,42.43666770468563,50,50,50,71.42857142857143,21.548503318553667
2022-03-01,47,41.31667525953502,48.68976625097463,1222131.4433333334,38940.551666666666,0.0,0.0,0.00962396825972835,5.85,42.68503683271251,42.81027934785145,50,50,50,71.42857142857143,22.801636412161688
2022-04-01,47,38.61235676188819,47.81754288796542,1181850.915,38199.3275,0.0,0.0,0.009932789010359225,5.85,37.72426856567505,43.20935828843557,50,50,50,71.42857142857143,24.054769505769702
2022-05-01,47,36.00281285330571,46.97588715627384,1141570.3866666667,37458.10333333333,0.0,0.0,0.0102416097609901,5.85,32.93912135469602,43.63660038174544,50,50,50,71.42857142857143,25.307902599377723
2022-06-01,47,33.48521889911707,46.163888026983095,1101289.8583333334,36716.879166666666,0.0,0.0,0.010550430511620974,5.85,28.32043140638439,44.0950958950601,50,50,50,71.42857142857143,26.561035692985737
2022-07-01,47,31.05725995163182,45.38079886042722,1061009.33,35975.655,0.0,0.0,0.010859251262251849,5.85,23.859661575747985,44.58840437559868,50,50,50,71.42857142857143,27.814168786593758
2022-08-01,47,28.71714932051664,44.62604339569148,1020728.8016666668,35234.43083333333,0.0,0.0,0.011168072012882726,5.85,19.548848701356555,45.12064724535986,50,50,50,71.42857142857143,29.06730188020178
2022-09-01,47,26.463660187713415,43.89922594736626,980448.2733333334,34493.206666666665,0.0,0.0,0.0114768927635136,5.85,15.380556163981378,45.69662322084164,50,50,50,71.42857142857143,30.3204349738098
2022-10-01,47,24.29617317396047,43.200146747168716,940167.7450000001,33751.9825,0.0,0.0,0.011785713514144475,5.85,11.347831074111838,46.32195340300217,50,50,50,71.42857142857143,31.573568067417813
2022-11-01,47,22.214743939404272,42.52882374715595,899887.2166666668,33010.75833333333,0.0,0.0,0.01209453426477535,5.85,7.4441655698645945,47.003265334105656,50,50,50,71.42857142857143,32.82670116102584
2022-12-01,47,20.220196551984387,41.885522733813616,859606.6883333335,32269.534166666668,0.0,0.0,0.012403355015406224,5.85,3.663461772128617,47.74842880316743,50,50,50,71.42857142857143,34.07983425463385
2023-01-01,47,18.31425072138515,41.27079836479968,819326.16,31528.31,0.0,0.0,0.0127121757660371,5.85,0.0,48.5668612088112,50,50,50,71.42857142857143,35.332967348241866
2023-02-01,47,20.481545438396623,41.969815543563485,870989.355,32591.638333333336,0.0,0.0,0.0126690150509143,5.85,5.408470573188463,47.643367575712126,50,50,50,71.42857142857143,35.157829763239306
2023-03-01,47,22.862745390906454,42.73782353980459,922652.55,33654.96666666667,0.0,0.0,0.0126258543357915,5.85,11.173459348001995,46.82329452417013,50,50,50,71.42857142857143,34.982692178236746
2023-04-01,47,25.467152750678295,43.57782258132385,974315.745,34718.295,0.0,0.0,0.0125826936206687,5.85,17.33141950480277,46.09019039249519,50,50,50,71.42857142857143,34.8075545932342
2023-05-01,47,28.30800361638056,44.49408170466548,1025978.9400000001,35781.62333333334,0.0,0.0,0.0125395329055459,5.85,23.923949253577348,45.43091721432896,50,50,50,71.42857142857143,34.63241700823164
2023-06-01,47,31.40253619731213,45.492160746402014,1077642.135,36844.95166666667,0.0,0.0,0.0124963721904231,5.85,30.998732751125623,44.834856410021644,50,50,50,71.42857142857143,34.45727942322908
2023-07-01,47,34.77226007384438,46.57899718765659,1129305.33,37908.28,0.0,0.0,0.0124532114753003,5.85,38.61069534610031,44.2933325050749,50,50,50,71.42857142857143,34.28214183822652
2023-08-01,47,38.4434230186376,47.763056717866746,1180968.525,38971.60833333334,0.0,0.0,0.0124100507601775,5.85,46.82343235731267,43.799188110261056,50,50,50,71.42857142857143,34.10700425322396
2023-09-01,47,42.4476913240171,49.05455266065175,1232631.72,40034.93666666667,0.0,0.0,0.0123668900450547,5.85,55.71099004978272,43.34646578468849,50,50,50,71.42857142857143,33.9318666682214
2023-10-01,47,46.823078762441995,50.46574559126699,1284294.915,41098.265,0.0,0.0,0.0123237293299319,5.85,65.36010443540582,42.930166684831036,50,50,50,71.42857142857143,33.75672908321884
2023-11-01,47,51.61518122844184,52.01134154544775,1335958.11,42161.59333333333,0.0,0.0,0.0122805686148091,5.85,75.87304134945947,42.54606521364662,50,50,50,71.42857142857143,33.581591498216284
2023-12-01,47,56.878801999562384,53.70901621453233,1387621.3050000002,43224.92166666666,0.0,0.0,0.0122374078996863,5.85,87.3712350303122,42.190565075021865,50,50,50,71.42857142857143,33.406453913213724
2024-01-01,47,62.680090578874584,55.580104785955264,1439284.5,44288.25,0.0,0.0,0.0121942471845635,5.85,100.0,41.860586329817664,50,50,50,71.42857142857143,33.231316328211165
2020-12-01,49,25.966013799075185,43.73872014634278,331982.3275,13328.823333333334,0.0,0.0,0.010082631876094091,5.85,32.90281758572885,50.01811873169806,50,50,50,100.0,24.662802008475015
2021-01-01,49,25.91409611907359,43.72197514626604,335377.17,13536.9,0.0,0.0,0.0101560200176626,5.85,32.90281758572885,50.204279858523314,50,50,50,100.0,24.96059646914522
2021-02-01,49,25.65431408830962,43.63818769418912,343381.1125,13805.808333333332,0.0,0.0,0.010259868265817425,5.85,32.90281758572885,50.06709235067923,50,50,50,100.0,25.38199197514727
2021-03-01,49,25.39743866657706,43.55533771020501,351385.055,14074.716666666667,0.0,0.0,0.01036371651397225,5.85,32.90281758572885,49.936154630120505,50,50,50,100.0,25.80338748114931
2021-04-01,49,25.143275654845993,43.47336255933519,359388.9975,14343.625,0.0,0.0,0.010467564762127075,5.85,32.90281758572885,49.811049130323816,50,50,50,100.0,26.224782987151354
2021-05-01,49,24.891647777197463,43.39220506480914,367392.94,14612.533333333333,0.0,0.0,0.0105714130102819,5.85,32.90281758572885,49.69139467281883,50,50,50,100.0,26.646178493153403
2021-06-01,49,24.642392876711327,43.3118129261843,375396.8825,14881.441666666666,0.0,0.0,0.010675261258436725,5.85,32.90281758572885,49.57684258798865,50,50,50,100.0,27.067573999155446
2021-07-01,49,24.395362337332173,43.23213821035081,383400.82499999995,15150.349999999999,0.0,0.0,0.01077910950659155,5.85,32.90281758572885,49.467073321767366,50,50,50,100.0,27.488969505157495
2021-08-01,49,24.15041969936489,43.153136904987534,391404.76749999996,15419.258333333333,0.0,0.0,0.010882957754746375,5.85,32.90281758572885,49.36179345868092,50,50,50,100.0,27.910365011159538
2021-09-01,49,23.907439441439365,43.07476852570933,399408.70999999996,15688.166666666666,0.0,0.0,0.0109868060029012,5.85,32.90281758572885,49.260733102828304,50,50,50,100.0,28.33176051716158
2021-10-01,49,23.666305906050255,42.99699576952162,407412.65249999997,15957.074999999999,0.0,0.0,0.011090654251056025,5.85,32.90281758572885,49.16364356757887,50,50,50,100.0,28.75315602316363
2021-11-01,49,23.426912349308267,42.91978420833682,415416.595,16225.983333333334,0.0,0.0,0.01119450249921085,5.85,32.90281758572885,49.07029533234896,50,50,50,100.0,29.174551529165672
2021-12-01,49,34.54796737450441,46.50665610331799,423420.5375,16494.891666666666,0.0,0.0,0.011298350747365675,5.85,57.326511492836815,48.98047623111744,50,50,50,100.0,29.595947035167722
2022-01-01,49,34.76355045816591,46.57618807686428,431424.48,16763.8,0.0,0.0,0.0114021989955205,5.85,58.29793987767964,48.893989842585306,50,50,50,100.0,30.017342541169764
2022-02-01,49,32.45167083969436,45.83053795560439,432099.80416666664,16766.163333333334,0.0,0.0,0.01200312963304765,5.85,55.81346298225518,48.84592276034449,50,50,50,100.0,32.455799371903694
2022-03-01,49,30.1924999134131,45.10188795944147,432775.1283333333,16768.526666666665,0.0,0.0,0.012604060270574799,5.85,53.442170241538484,48.798005690708976,50,50,50,100.0,34.89425620263762
2022-04-01,49,27.98252039304326,44.38910365865894,433450.4525,16770.89,0.0,0.0,0.01320499090810195,5.85,51.17649949191997,48.75023793251119,50,50,50,100.0,37.33271303337155
2022-05-01,49,25.818521473246605,43.691149472783366,434125.7766666667,16773.253333333334,0.0,0.0,0.0138059215456291,5.85,49.009547560381485,48.70261878894645,50,50,50,100.0,39.771169864105474
2022-06-01,49,23.69756615699454,43.00707813268664,434801.10083333333,16775.616666666665,0.0,0.0,0.01440685218315625,5.85,46.935000011877804,48.655147567539146,50,50,50,100.0,42.2096266948394
2022-07-01,49,21.616962675412353,42.33602146263338,435476.425,16777.98,0.0,0.0,0.0150077828206834,5.85,44.947069696353424,48.607823580109155,50,50,50,100.0,44.64808352557334
2022-08-01,49,19.574239414282246,41.6771822933305,436151.74916666665,16780.343333333334,0.0,0.0,0.015608713458210549,5.85,43.04044283577207,48.560646142738555,50,50,50,100.0,47.08654035630727
2022-09-01,49,17.56712285530324,41.02982734732563,436827.0733333333,16782.706666666665,0.0,0.0,0.016209644095737698,5.85,41.21023159347331,48.51361457573874,50,50,50,100.0,49.52499718704118
2022-10-01,49,15.593518117517576,40.39328096303686,437502.39749999996,16785.07,0.0,0.0,0.01681057473326485,5.85,39.45193223440312,48.466728203617734,50,50,50,100.0,51.96345401777512
2022-11-01,49,13.651491748216685,39.76691954430673,438177.7216666667,16787.433333333334,0.0,0.0,0.017411505370792,5.85,37.76138812217274,48.419986355047854,50,50,50,100.0,54.40191084850905
2022-12-01,49,11.73925646567237,39.15016663947803,438853.04583333334,16789.796666666665,0.0,0.0,0.01801243600831915,5.85,36.13475691292948,48.37338836283369,50,50,50,100.0,56.84036767924297
2023-01-01,49,9.855157600216813,38.54248856823773,439528.37,16792.16,0.0,0.0,0.0186133666458463,5.85,34.56848140101474,48.326933563880345,50,50,50,100.0,59.2788245099769
2023-02-01,49,9.010182290390816,38.26995883217391,440876.86083333334,16014.090833333334,0.0,0.0,0.018691153821109432,5.85,34.704023776533866,46.690171144450744,50,50,50,100.0,59.59446937315849
2023-03-01,49,8.16965263537648,37.99886295236408,442225.3516666667,15236.021666666667,0.0,0.0,0.018768940996372566,5.85,34.8391431377169,45.06339078105039,50,50,50,100.0,59.91011423634009
2023-04-01,49,7.333527215312458,37.72918756966773,443573.8425,14457.9525,0.0,0.0,0.0188467281716357,5.85,34.97384146175732,43.44650143554923,50,50,50,100.0,60.22575909952168
2023-05-01,49,6.50176511791247,37.46091948865246,444922.3333333333,13679.883333333333,0.0,0.0,0.018924515346898832,5.85,35.10812071354576,41.83941317350724,50,50,50,100.0,60.54140396270327
2023-06-01,49,5.67432593075452,37.194045675107006,446270.82416666666,12901.814166666667,0.0,0.0,0.019002302522161965,5.85,35.24198284576554,40.24203714749936,50,50,50,100.0,60.85704882588486
2023-07-01,49,4.851169733710023,36.92855325359942,447619.315,12123.744999999999,0.0,0.0,0.0190800896974251,5.85,35.375429798987355,38.654285580741885,50,50,50,100.0,61.17269368906645
2023-08-01,49,4.032257091509734,36.664429505079326,448967.80583333335,11345.675833333333,0.0,0.0,0.019157876872688235,5.85,35.50846350176295,37.07607175101395,50,50,50,100.0,61.48833855224807
2023-09-01,49,3.2175490464435654,36.40166186452345,450316.2966666667,10567.606666666667,0.0,0.0,0.019235664047951368,5.85,35.64108587071815,35.50730997486782,50,50,50,100.0,61.803983415429656
2023-10-01,49,2.4070071111916036,36.14023791862335,451664.7875,9789.5375,0.0,0.0,0.0193134512232145,5.85,35.77329881064478,33.947915592122136,50,50,50,100.0,62.119628278611245
2023-11-01,49,1.6005932617835725,35.880145403514675,453013.2783333333,9011.468333333334,0.0,0.0,0.019391238398477634,5.85,35.90510421459201,32.39780495063198,50,50,50,100.0,62.435273141792834
2023-12-01,49,0.7982699306838583,35.62137220254686,454361.76916666667,8233.399166666666,0.0,0.0,0.019469025573740768,5.85,36.03650396395656,30.85689539133029,50,50,50,100.0,62.75091800497444
2024-01-01,49,0.0,35.36390634409266,455710.26,7455.33,0.0,0.0,0.0195468127490039,5.85,36.16749992857232,29.325105233534792,50,50,50,100.0,63.066562868156026
2020-12-01,55,13.984251687754409,39.87424454829235,14019.759999999998,-141.01083333333327,0.0,0.0,0.012710228839261085,5.85,32.90281758572885,6.345784605308328,50,50,50,71.42857142857143,35.32506710718336
2021-01-01,55,19.63289351737079,41.69609999074473,14252.9,44.66,0.0,0.0,0.0125448028673835,5.85,32.90281758572885,17.82022191147889,50,50,50,71.42857142857143,34.65380146367143
2021-02-01,55,25.30616459743065,43.52589910095255,15091.819166666666,238.76083333333332,0.0,0.0,0.012258232650509926,5.85,32.90281758572885,28.856037786604873,50,50,50,71.42857142857143,33.49095660407863
2021-03-01,55,30.438880493530306,45.18135304403006,15930.738333333333,432.8616666666667,0.0,0.0,0.01197166243363635,5.85,32.90281758572885,38.72955254752879,50,50,50,71.42857142857143,32.328111744485824
2021-04-01,55,35.11216667370009,46.6886272027207,16769.6575,626.9625,0.0,0.0,0.011685092216762775,5.85,32.90281758572885,47.615202079206924,50,50,50,71.42857142857143,31.16526688489302
2021-05-01,55,39.39168847848269,48.06890060760506,17608.576666666668,821.0633333333333,0.0,0.0,0.011398521999889201,5.85,32.90281758572885,55.654179918843234,50,50,50,71.42857142857143,30.002422025300216
2021-06-01,55,43.33116644826707,49.33949973499925,18447.495833333334,1015.1641666666666,0.0,0.0,0.011111951783015625,5.85,32.90281758572885,62.96199590854504,50,50,50,71.42857142857143,28.839577165707407
2021-07-01,55,46.97497419380777,50.514736397670475,19286.415,1209.265,0.0,0.0,0.01082538156614205,5.85,32.90281758572885,69.63406213342701,50,50,50,71.42857142857143,27.676732306114612
2021-08-01,55,50.36008651752188,51.60653607205167,20125.334166666667,1403.3658333333333,0.0,0.0,0.010538811349268474,5.85,32.90281758572885,75.74988176970886,50,50,50,71.42857142857143,26.513887446521803
2021-09-01,55,53.51755979106959,52.62491536415869,20964.253333333334,1597.4666666666667,0.0,0.0,0.0102522411323949,5.85,32.90281758572885,81.37623219082955,50,50,50,71.42857142857143,25.351042586929
2021-10-01,55,56.473670570617216,53.57834924696813,21803.1725,1791.5675,0.0,0.0,0.009965670915521325,5.85,32.90281758572885,86.56961321663302,50,50,50,71.42857142857143,24.1881977273362
2021-11-01,55,59.25080108897494,54.4740566580387,22642.091666666667,1985.6683333333333,0.0,0.0,0.00967910069864775,5.85,32.90281758572885,91.37815109751062,50,50,50,71.42857142857143,23.025352867743397
2021-12-01,55,89.6990802482323,64.29453470795777,23481.010833333334,2179.7691666666665,0.0,0.0,0.009392530481774174,5.85,92.74488313944852,95.84309435032526,50,50,50,71.42857142857143,21.862508008150588
2022-01-01,55,93.47070768097198,65.51099703155779,24319.93,2373.87,0.0,0.0,0.0091059602649006,5.85,95.53488145418119,100.0,50,50,50,71.42857142857143,20.699663148557786
2022-02-01,55,90.0345665330242,64.40273903959225,24865.75,2403.275833333333,0.0,0.0,0.009438552944417741,5.85,90.33115809724802,99.16493158984711,50,50,50,71.42857142857143,22.049257994575324
2022-03-01,55,86.86999728255832,63.38207108331465,25411.57,2432.6816666666664,0.0,0.0,0.009771145623934883,5.85,85.67549512155,98.36573636971198,50,50,50,71.42857142857143,23.398852840592863
2022-04-01,55,83.93769435116725,62.43631594152747,25957.39,2462.0874999999996,0.0,0.0,0.010103738303452025,5.85,81.48564069368351,97.60015136501485,50,50,50,71.42857142857143,24.7484476866104
2022-05-01,55,81.20572878008566,61.55517557285135,26503.21,2491.4933333333333,0.0,0.0,0.010436330982969167,5.85,77.69501775983483,96.86610002037354,50,50,50,71.42857142857143,26.09804253262794
2022-06-01,55,78.64788189885233,60.730193674175844,27049.03,2520.8991666666666,0.0,0.0,0.010768923662486309,5.85,74.24915991080226,96.16167339092031,50,50,50,71.42857142857143,27.447637378645478
2022-07-01,55,76.24241264094046,59.95435810318935,27594.85,2550.305,0.0,0.0,0.011101516342003449,5.85,71.10307744202177,95.48511356580833,50,50,50,71.42857142857143,28.79723222466301
2022-08-01,55,73.97113213311975,59.22180240585101,28140.670000000002,2579.710833333333,0.0,0.0,0.01143410902152059,5.85,68.21928218408875,94.83479902083664,50,50,50,71.42857142857143,30.146827070680548
2022-09-01,55,71.81869961791607,58.52757873038713,28686.49,2609.1166666666663,0.0,0.0,0.011766701701037732,5.85,65.56628657126168,94.20923164325534,50,50,50,71.42857142857143,31.496421916698086
2022-10-01,55,69.77208020345465,57.86748293544478,29232.31,2638.5225,0.0,0.0,0.012099294380554874,5.85,63.11744921739286,93.60702521019275,50,50,50,71.42857142857143,32.84601676271562
2022-11-01,55,67.82012255786795,57.23791838394441,29778.13,2667.9283333333333,0.0,0.0,0.012431887060072016,5.85,60.85007712940617,93.02689513419448,50,50,50,71.42857142857143,34.19561160873316
2022-12-01,55,65.95322662411239,56.63578877119894,30323.95,2697.3341666666665,0.0,0.0,0.012764479739589158,5.85,58.744720375093024,92.46764931622205,50,50,50,71.42857142857143,35.5452064547507
2023-01-01,55,64.16307967895371,56.05841299606534,30869.77,2726.74,0.0,0.0,0.0130970724191063,5.85,56.78461273406799,91.92817996904067,50,50,50,71.42857142857143,36.894801300768236
2023-02-01,55,63.33408685163171,55.79103808723471,31141.47,2727.1175,0.0,0.0,0.013003653709530074,5.85,55.28284395716861,91.26837483787837,50,50,50,71.42857142857143,36.51572678491081
2023-03-01,55,62.54040572867608,55.53505225611916,31413.17,2727.495,0.0,0.0,0.01291023499995385,5.85,53.84558874112413,90.61998333062841,50,50,50,71.42857142857143,36.1366522690534
2023-04-01,55,61.78000705498046,55.28980100743093,31684.87,2727.8725,0.0,0.0,0.012816816290377625,5.85,52.46877740191178,89.98271182939517,50,50,50,71.42857142857143,35.757577753195974
2023-05-01,55,61.051022136293724,55.05468163154632,31956.57,2728.25,0.0,0.0,0.0127233975808014,5.85,51.14867550771902,89.35627670183314,50,50,50,71.42857142857143,35.37850323733855
2023-06-01,55,60.35172691230245,54.82913806759973,32228.27,2728.6275,0.0,0.0,0.012629978871225175,5.85,49.8818500538192,88.7404038802316,50,50,50,71.42857142857143,34.99942872148114
2023-07-01,55,59.68052790648524,54.612656371892754,32499.97,2729.005,0.0,0.0,0.01253656016164895,5.85,48.66513965176763,88.13482846171253,50,50,50,71.42857142857143,34.62035420562371
2023-08-01,55,59.03594979868835,54.40476070967918,32771.67,2729.3824999999997,0.0,0.0,0.012443141452072724,5.85,47.495628187882595,87.53929432831636,50,50,50,71.42857142857143,34.2412796897663
2023-09-01,55,58.416624404992476,54.20500980084338,33043.369999999995,2729.7599999999998,0.0,0.0,0.0123497227424965,5.85,46.3706214889387,86.95355378583079,50,50,50,71.42857142857143,33.862205173908876
2023-10-01,55,57.821280881574936,54.01299376035375,33315.07,2730.1375,0.0,0.0,0.012256304032920275,5.85,45.28762660202182,86.37736722029277,50,50,50,71.42857142857143,33.483130658051465
2023-11-01,55,57.24873699611079,53.828331283029264,33586.77,2730.515,0.0,0.0,0.01216288532334405,5.85,44.244333353131005,85.8105027711629,50,50,50,71.42857142857143,33.10405614219404
2023-12-01,55,56.697891332745726,53.65066712941075,33858.47,2730.8925,0.0,0.0,0.012069466613767826,5.85,43.23859789741095,85.25273602023547,50,50,50,71.42857142857143,32.72498162633663
2024-01-01,55,56.167716315591846,53.47966987563024,34130.17,2731.27,0.0,0.0,0.0119760479041916,5.85,42.26842801451119,84.70384969540774,50,50,50,71.42857142857143,32.3459071104792
2020-12-01,62,76.57140616690081,60.06046832647522,173216.20833333334,12715.34,0.0,0.0,0.0044787415039673996,5.85,32.90281758572885,78.94744520370492,50,50,50,42.85714285714286,1.923331089122776
2021-01-01,62,76.5643158728961,60.0581814952137,175342.08000000002,12756.09,0.0,0.0,0.004341534008683,5.85,32.90281758572885,78.37543897576828,50,50,50,42.85714285714286,1.3665704029295682
2021-02-01,62,75.751302985116,59.79596059343514,179980.32583333334,13117.016666666666,0.0,0.0,0.0048003275378497665,5.85,32.90281758572885,78.48899238716106,50,50,50,42.85714285714286,3.2282631595127853
2021-03-01,62,74.93563653105134,59.532883837395815,184618.57166666668,13477.943333333333,0.0,0.0,0.005259121067016533,5.85,32.90281758572885,78.59684010348214,50,50,50,42.85714285714286,5.089955916095999
2021-04-01,62,74.11751160897539,59.26901415210702,189256.8175,13838.869999999999,0.0,0.0,0.0057179145961833,5.85,32.90281758572885,78.69940162480671,50,50,50,42.85714285714286,6.951648672679212
2021-05-01,62,73.29710464904805,59.00440844155678,193895.06333333335,14199.796666666667,0.0,0.0,0.006176708125350067,5.85,32.90281758572885,78.79705631105497,50,50,50,42.85714285714286,8.813341429262426
2021-06-01,62,72.47457559399025,58.73911829204237,198533.30916666667,14560.723333333333,0.0,0.0,0.006635501654516833,5.85,32.90281758572885,78.89014807087545,50,50,50,42.85714285714286,10.67503418584564
2021-07-01,62,71.65006978105988,58.47319057916368,203171.555,14921.65,0.0,0.0,0.0070942951836836,5.85,32.90281758572885,78.97898940826741,50,50,50,42.85714285714286,12.536726942428857
2021-08-01,62,70.82371957199733,58.20666799352922,207809.80083333334,15282.576666666666,0.0,0.0,0.007553088712850367,5.85,32.90281758572885,79.06386492728763,50,50,50,42.85714285714286,14.39841969901207
2021-09-01,62,69.99564576945728,57.93958949759771,212448.04666666666,15643.503333333332,0.0,0.0,0.008011882242017133,5.85,32.90281758572885,79.1450343776607,50,50,50,42.85714285714286,16.26011245559528
2021-10-01,62,69.16595885186068,57.67199072395452,217086.2925,16004.43,0.0,0.0,0.0084706757711839,5.85,32.90281758572885,79.22273530995602,50,50,50,42.85714285714286,18.121805212178497
2021-11-01,62,68.33476005325552,57.40390432359915,221724.53833333333,16365.356666666667,0.0,0.0,0.008929469300350667,5.85,32.90281758572885,79.29718539750338,50,50,50,42.85714285714286,19.983497968761714
2021-12-01,62,80.1555278722475,61.216454461241526,226362.78416666668,16726.283333333333,0.0,0.0,0.009388262829517434,5.85,60.110112184583166,79.36858447284811,50,50,50,42.85714285714286,21.845190725344924
2022-01-01,62,79.75907091271851,61.088585268751935,231001.03,17087.21,0.0,0.0,0.0098470563586842,5.85,61.05081181188325,79.43711631886731,50,50,50,42.85714285714286,23.70688348192814
2022-02-01,62,78.66558343210237,60.73590294653973,234240.55166666667,17029.450833333332,0.0,0.0,0.009805739710052367,5.85,59.636276978734955,78.33278094010835,50,50,50,42.85714285714286,23.53922875143559
2022-03-01,62,77.61916361835857,60.3984013505342,237480.07333333333,16971.691666666666,0.0,0.0,0.009764423061420533,5.85,58.29281798846339,77.25857455985053,50,50,50,42.85714285714286,23.371574020943047
2022-04-01,62,76.61681541851301,60.07511416430363,240719.595,16913.9325,0.0,0.0,0.009723106412788701,5.85,57.01520912867797,76.21328078093964,50,50,50,42.85714285714286,23.20391929045051
2022-05-01,62,75.65580537662528,59.765159766790795,243959.11666666667,16856.173333333332,0.0,0.0,0.009681789764156868,5.85,55.79872471289491,75.19574781614455,50,50,50,42.85714285714286,23.03626455995796
2022-06-01,62,74.73363350022056,59.467731835868406,247198.63833333334,16798.414166666666,0.0,0.0,0.009640473115525034,5.85,54.63908067111767,74.20488425461333,50,50,50,42.85714285714286,22.868609829465417
2022-07-01,62,73.84800800041974,59.18209120127779,250438.15999999997,16740.655,0.0,0.0,0.0095991564668932,5.85,53.532384141061954,73.23965515690577,50,50,50,42.85714285714286,22.700955098972873
2022-08-01,62,72.9968233107647,58.90755875504451,253677.68166666664,16682.895833333332,0.0,0.0,0.009557839818261367,5.85,52.47508981002392,72.29907844922937,50,50,50,42.85714285714286,22.533300368480322
2022-09-01,62,72.17814089265052,58.643509260657886,256917.2033333333,16625.136666666665,0.0,0.0,0.009516523169629533,5.85,51.46396197571285,71.38222159047041,50,50,50,42.85714285714286,22.36564563798778
2022-10-01,62,71.39017241851322,58.38936592914744,260156.72499999998,16567.3775,0.0,0.0,0.0094752065209977,5.85,50.49604147071265,70.4881984882417,50,50,50,42.85714285714286,22.197990907495235
2022-11-01,62,70.63126499157799,58.14459565201104,263396.24666666664,16509.618333333332,0.0,0.0,0.009433889872365868,5.85,49.568616738377585,69.61616664250829,50,50,50,42.85714285714286,22.03033617700269
2022-12-01,62,69.89988811624109,57.90870479877441,266635.7683333333,16451.859166666665,0.0,0.0,0.009392573223734034,5.85,48.679198464713004,68.76532449743607,50,50,50,42.85714285714286,21.862681446510148
2023-01-01,62,69.19462217850175,57.68123550158691,269875.29,16394.1,0.0,0.0,0.0093512565751022,5.85,47.825497266439086,67.93490898396749,50,50,50,42.85714285714286,21.695026716017598
2023-02-01,62,68.83926005051309,57.566620617788985,270411.5341666667,16460.271666666664,0.0,0.0,0.009263138432390284,5.85,46.59576125403494,68.0429798997368,50,50,50,42.85714285714286,21.33746084470229
2023-03-01,62,68.49930229449568,57.45697410333717,270947.7783333333,16526.443333333333,0.0,0.0,0.009175020289678367,5.85,45.39957547934582,68.15062304009848,50,50,50,42.85714285714286,20.97989497338698
2023-04-01,62,68.17412013702311,57.3520931600503,271484.02249999996,16592.614999999998,0.0,0.0,0.00908690214696645,5.85,44.235585419629274,68.25784093992061,50,50,50,42.85714285714286,20.62232910207167
2023-05-01,62,67.8631182558024,57.25178577873535,272020.26666666666,16658.786666666667,0.0,0.0,0.008998784004254533,5.85,43.10250849871859,68.36463611408303,50,50,50,42.85714285714286,20.264763230756355
2023-06-01,62,67.56573258728206,57.15587003207561,272556.51083333336,16724.958333333332,0.0,0.0,0.008910665861542617,5.85,41.999129372747554,68.4710110576738,50,50,50,42.85714285714286,19.907197359441046
2023-07-01,62,67.2814283044231,57.06417342240151,273092.755,16791.129999999997,0.0,0.0,0.0088225477188307,5.85,40.924295581761655,68.5769682461837,50,50,50,42.85714285714286,19.549631488125737
2023-08-01,62,67.00969794942169,56.97653227943805,273628.99916666665,16857.301666666666,0.0,0.0,0.008734429576118785,5.85,39.876913534508866,68.68251013569804,50,50,50,42.85714285714286,19.192065616810428
2023-09-01,62,66.75005970770711,56.89279120361759,274165.24333333335,16923.47333333333,0.0,0.0,0.008646311433406868,5.85,38.85594479700204,68.78763916308655,50,50,50,42.85714285714286,18.83449974549512
2023-10-01,62,66.50205581090013,56.812802550986405,274701.48750000005,16989.645,0.0,0.0,0.008558193290694951,5.85,37.86040265837437,68.89235774619101,50,50,50,42.85714285714286,18.47693387417981
2023-11-01,62,66.26525105762933,56.73642595612372,275237.7316666667,17055.816666666666,0.0,0.0,0.008470075147983034,5.85,36.88934895015505,68.99666828401048,50,50,50,42.85714285714286,18.1193680028645
2023-12-01,62,66.03923144218176,56.66352788984075,275773.97583333333,17121.988333333335,0.0,0.0,0.008381957005271118,5.85,35.94189109741257,69.10057315688454,50,50,50,42.85714285714286,17.761802131549185
2024-01-01,62,65.82360288192704,56.59398124873695,276310.22000000003,17188.16,0.0,0.0,0.0082938388625592,5.85,35.01717938228213,69.2040747266743,50,50,50,42.85714285714286,17.404236260233876
2020-12-01,68,56.37223673179709,53.54563380901376,118647.58,7630.0025000000005,0.0,0.0,0.011471320367839849,5.85,32.90281758572885,71.03256444313273,50,50,50,50.0,30.297823302103186
2021-01-01,68,56.188831673416374,53.486480208225636,119663.49,7884.43,0.0,0.0,0.0119072487988301,5.85,32.90281758572885,72.40711784711209,50,50,50,50.0,32.06673404467
2021-02-01,68,55.621209155512716,53.30340501870322,119906.02,7729.116666666667,0.0,0.0,0.011901796984322666,5.85,32.90281758572885,71.16449420627765,50,50,50,50.0,32.04461166731835
2021-03-01,68,55.05591976215511,53.12108233142476,120148.55,7573.803333333333,0.0,0.0,0.011896345169815234,5.85,32.90281758572885,69.9268872470696,50,50,50,50.0,32.0224892899667
2021-04-01,68,54.49294939297921,52.939507598602276,120391.08,7418.49,0.0,0.0,0.0118908933553078,5.85,32.90281758572885,68.69426665090134,50,50,50,50.0,32.000366912615036
2021-05-01,68,53.932284061014045,52.758676309020494,120633.61,7263.176666666667,0.0,0.0,0.011885441540800366,5.85,32.90281758572885,67.46660234300447,50,50,50,50.0,31.97824453526339
2021-06-01,68,53.37390989154433,52.57858398766998,120876.14,7107.863333333334,0.0,0.0,0.011879989726292933,5.85,32.90281758572885,66.24386448998271,50,50,50,50.0,31.956122157911732
2021-07-01,68,52.81781312098663,52.399226195384614,121118.67000000001,6952.55,0.0,0.0,0.011874537911785499,5.85,32.90281758572885,65.02602349739531,50,50,50,50.0,31.933999780560075
2021-08-01,68,52.26398009577888,52.22059852848347,121361.20000000001,6797.236666666667,0.0,0.0,0.011869086097278067,5.85,32.90281758572885,63.81305000736941,50,50,50,50.0,31.911877403208425
2021-09-01,68,51.712397271283336,52.04269661841694,121603.73000000001,6641.923333333333,0.0,0.0,0.011863634282770633,5.85,32.90281758572885,62.60491489624087,50,50,50,50.0,31.889755025856775
2021-10-01,68,51.16305121070236,51.865516131417074,121846.26000000001,6486.610000000001,0.0,0.0,0.0118581824682632,5.85,32.90281758572885,61.40158927222341,50,50,50,50.0,31.86763264850512
2021-11-01,68,50.615928584007335,51.68905276815213,122088.79000000001,6331.296666666667,0.0,0.0,0.011852730653755767,5.85,32.90281758572885,60.203044473105486,50,50,50,50.0,31.84551027115347
2021-12-01,68,51.35142914087071,51.926273631656464,122331.32,6175.983333333334,0.0,0.0,0.011847278839248333,5.85,35.65596004087041,59.00925206397452,50,50,50,50.0,31.82338789380181
2022-01-01,68,50.531310298324925,51.66176084755394,122573.85,6020.67,0.0,0.0,0.0118418270247409,5.85,35.05948733184161,57.82018383496822,50,50,50,50.0,31.80126551645016
2022-02-01,68,51.1747274591615,51.86928206975135,125259.17083333334,6132.928333333333,0.0,0.0,0.011911394916763391,5.85,36.86164975661728,57.68378887379061,50,50,50,50.0,32.08355816539891
2022-03-01,68,51.817423629555734,52.0765707510299,127944.49166666667,6245.1866666666665,0.0,0.0,0.011980962808785883,5.85,38.65653654714051,57.553119274073126,50,50,50,50.0,32.36585081434768
2022-04-01,68,52.45925504916637,52.28358052439235,130629.8125,6357.445,0.0,0.0,0.012050530700808375,5.85,40.44419167410019,57.42782195181191,50,50,50,50.0,32.648143463296435
2022-05-01,68,53.10009102369578,52.49026923703019,133315.13333333333,6469.703333333334,0.0,0.0,0.012120098592830867,5.85,42.22465875457859,57.3075722712012,50,50,50,50.0,32.93043611224519
2022-06-01,68,53.73981262036294,52.696598529574764,136000.45416666666,6581.961666666667,0.0,0.0,0.012189666484853359,5.85,43.99798105559883,57.192071236093554,50,50,50,50.0,33.21272876119396
2022-07-01,68,54.378311515102794,52.90253346428465,138685.77500000002,6694.22,0.0,0.0,0.01225923437687585,5.85,45.76420149762959,57.081043007744135,50,50,50,50.0,33.49502141014271
2022-08-01,68,55.015488971315065,53.108042195661795,141371.09583333333,6806.4783333333335,0.0,0.0,0.012328802268898341,5.85,47.52336265804798,56.97423270545547,50,50,50,50.0,33.777314059091466
2022-09-01,68,55.65125493299588,53.31309567795929,144056.4166666667,6918.736666666667,0.0,0.0,0.012398370160920833,5.85,49.27550677456101,56.87140445320783,50,50,50,50.0,34.05960670804022
2022-10-01,68,56.28552721759654,53.51766740485437,146741.73750000002,7030.995000000001,0.0,0.0,0.012467938052943325,5.85,51.02067574858579,56.77233964076568,50,50,50,50.0,34.34189935698899
2022-11-01,68,56.91823079606347,53.72173317723976,149427.05833333335,7143.253333333334,0.0,0.0,0.012537505944965817,5.85,52.758911148590045,56.67683537227946,50,50,50,50.0,34.62419200593774
2022-12-01,68,57.549297149282964,53.925270895657924,152112.37916666668,7255.511666666667,0.0,0.0,0.012607073836988308,5.85,54.49025421339246,56.58470307921356,50,50,50,50.0,34.9064846548865
2023-01-01,68,58.17866369165104,54.128260374385164,154797.7,7367.77,0.0,0.0,0.0126766417290108,5.85,56.2147458554239,56.495767277645825,50,50,50,50.0,35.188777303835266
2023-02-01,68,57.58417581853966,53.93652030663627,155483.88583333333,7419.1975,0.0,0.0,0.012545598866859659,5.85,54.29973843263734,56.60076174926567,50,50,50,50.0,34.65703147099454
2023-03-01,68,57.02664375984561,53.75669959112412,156170.07166666668,7470.625,0.0,0.0,0.012414556004708517,5.85,52.465116015276344,56.70483356370497,50,50,50,50.0,34.12528563815383
2023-04-01,68,56.5037676128987,53.58805644065047,156856.2575,7522.0525,0.0,0.0,0.012283513142557375,5.85,50.70592124654094,56.80799482977528,50,50,50,50.0,33.593539805313114
2023-05-01,68,56.01343313523857,53.42990894897142,157542.44333333333,7573.4800000000005,0.0,0.0,0.012152470280406233,5.85,49.017596186956474,56.910257445325406,50,50,50,50.0,33.0617939724724
2023-06-01,68,55.553693407807245,53.281629176630254,158228.62916666668,7624.9075,0.0,0.0,0.012021427418255091,5.85,47.39594288201757,57.01163310181584,50,50,50,50.0,32.53004813963169
2023-07-01,68,55.12275262862626,53.142637923934934,158914.815,7676.335,0.0,0.0,0.01189038455610395,5.85,45.837088510915876,57.11213328877466,50,50,50,50.0,31.998302306790972
2023-08-01,68,54.718951753675,53.012400099713226,159601.00083333332,7727.7625,0.0,0.0,0.011759341693952808,5.85,44.337454507233424,57.21176929813836,50,50,50,50.0,31.466556473950252
2023-09-01,68,54.34075574393283,52.89042060810341,160287.18666666668,7779.19,0.0,0.0,0.011628298831801666,5.85,42.893729133317585,57.31055222848136,50,50,50,50.0,30.93481064110954
2023-10-01,68,53.98674221283373,52.77624068701989,160973.3725,7830.6175,0.0,0.0,0.011497255969650524,5.85,41.50284306593086,57.408492989137265,50,50,50,50.0,30.403064808268827
2023-11-01,68,53.655591297963625,52.66943464147351,161659.55833333332,7882.045,0.0,0.0,0.011366213107499383,5.85,40.16194761436977,57.505602304215046,50,50,50,50.0,29.871318975428107
2023-12-01,68,53.34607660570974,52.569606922950946,162345.74416666667,7933.4725,0.0,0.0,0.011235170245348241,5.85,38.868395245746754,57.601890716513594,50,50,50,50.0,29.339573142587394
2024-01-01,68,53.05705709856882,52.47638951282967,163031.93,7984.9,0.0,0.0,0.0111041273831971,5.85,37.619722137273875,57.69736859133727,50,50,50,50.0,28.80782730974668
